{
    "printers": {
        "safe_place": [
            -6.880425453186035,
            3.0685677528381348,
            -0.49999892711639404,
            9.02248871170741e-08,
            1.2741094290724675e-10,
            0.7570971846580505,
            0.6533023118972778
        ],
        "printer_1": [
            -7.609832286834717,
            3.198638677597046,
            -0.49999773502349854,
            9.02248871170741e-08,
            1.2741094290724675e-10,
            0.7570971846580505,
            0.6533023118972778
        ],
        "printer_2": [
            -6.76596736907959,
            3.4108662605285645,
            -0.49999797344207764,
            9.02248871170741e-08,
            1.2741094290724675e-10,
            0.7570971846580505,
            0.6533023118972778
        ],
        "printer_3": [
            -7.242025375366211,
            3.3256046772003174,
            -0.49999773502349854,
            9.02248871170741e-08,
            1.2741094290724675e-10,
            0.7570971846580505,
            0.6533023118972778
        ],
        "printer_4": [
            -6.346543788909912,
            3.4806759357452393,
            -0.49999725818634033,
            9.02248871170741e-08,
            1.2741094290724675e-10,
            0.7570971846580505,
            0.6533023118972778
        ]
    },
    "kitchen": {
        "safe_place": [
            -6.601346969604492,
            -3.4761853218078613,
            -0.49999892711639404,
            1.1577556335851114e-07,
            -4.4066084115002013e-11,
            0.9686363339424133,
            -0.2484828531742096
        ]
    },
    "living room": {
        "safe_place": [
            -2.888030529022217,
            1.3135837316513062,
            -0.49999797344207764,
            1.1910231023648521e-07,
            -6.17177420281223e-11,
            0.9966595768928528,
            -0.08166870474815369
        ],
        "small_table": [
            -2.888030529022217,
            1.3135837316513062,
            -0.49999797344207764,
            1.1910231023648521e-07,
            -6.17177420281223e-11,
            0.9966595768928528,
            -0.08166870474815369
        ]
    },
    "bathroom": {
        "safe_place": [
            -2.4348998069763184,
            -6.235264778137207,
            -0.49999870359897614,
            1.1864374727110771e-07,
            -5.696332294746753e-11,
            0.9916761517524719,
            -0.12875768542289734
        ],
        "sink": [
            -2.4348998069763184,
            -6.235264778137207,
            -0.49999870359897614,
            1.1864374727110771e-07,
            -5.696332294746753e-11,
            0.9916761517524719,
            -0.12875768542289734
        ]
    },
    "bedroom": {
        "safe_place": [
            -2.2401669025421143,
            -2.2848546504974365,
            -0.49999894201755524,
            1.129008531108866e-08,
            1.6211913589359028e-08,
            -0.09708775579929352,
            -0.9952759742736816
        ],
        "bed": [
            -2.2401669025421143,
            -2.2848546504974365,
            -0.49999894201755524,
            1.129008531108866e-08,
            1.6211913589359028e-08,
            -0.09708775579929352,
            -0.9952759742736816
        ]
    },
    "maze": {
        "safe_place": [
            -1.9889450073242188,
            3.3708367347717285,
            -0.49999846518039703,
            1.129008531108866e-08,
            1.6211913589359028e-08,
            -0.09708775579929352,
            -0.9952759742736816
        ]
    },
    "soccer": {
        "safe_place": [
            -2.0216567516326904,
            -0.0017740726470947266,
            -0.49999846518039703,
            1.129008531108866e-08,
            1.6211913589359028e-08,
            -0.09708775579929352,
            -0.9952759742736816
        ]
    }
}