{
    "living_room": {
        "safe_place": [
            4.367435932159424,
            2.3270885944366455,
            0,
            1.9843429299726267e-07,
            -9.790635431272676e-07,
            0.21274946630001068,
            -0.9771068692207336
        ],
        "couches": [
            4.924011707305908,
            1.6692984104156494,
            0,
            -2.5712793672028056e-08,
            -9.953245125871035e-07,
            0.01416817307472229,
            -0.9998998045921326
        ],
        "desk": []
    },
    "entrance": {
        "safe_place": [
            -0.32568931579589844,
            2.5051634311676025,
            0,
            1.1229642495891312e-06,
            -4.1578879006465286e-08,
            0.9999975562095642,
            0.0022127986885607243
        ],
        "pre_table": [],
        "table": [
            0.5667181015014648,
            0.4491410255432129,
            0,
            -1.969457485984094e-07,
            -2.7635294941319444e-07,
            -0.6961846947669983,
            -0.7178626656532288
        ]
    },
    "kitchen": {
        "safe_place": [],
        "pre_table": [
            4.951594352722168,
            4.80856466293335,
            0,
            8.129176620741418e-08,
            -7.791921774469301e-09,
            0.7041044235229492,
            0.7100964188575745
        ],
        "table": [
            5.0087971687316895,
            7.490139961242676,
            0,
            8.129176620741418e-08,
            -7.791921774469301e-09,
            0.7041044235229492,
            0.7100964188575745
        ],
        "pre_shelve": [
            3.400509834289551,
            7.773647308349609,
            0,
            -1.0928303595392208e-07,
            1.2204451893538248e-09,
            -0.9976540803909302,
            0.06845700740814209
        ],
        "shelve": [
            1.3337976932525635,
            7.7954182624816895,
            0,
            -1.1552853607099678e-07,
            6.256675177951365e-10,
            -1.0000001192092896,
            -7.10710883140564e-05
        ],
        "dinner_table": [
            5.0087971687316895,
            7.490139961242676,
            0,
            8.129176620741418e-08,
            -7.791921774469301e-09,
            0.7041044235229492,
            0.7100964188575745
        ],
        "pre_dinner_table": [
            4.951594352722168,
            4.80856466293335,
            0,
            8.129176620741418e-08,
            -7.791921774469301e-09,
            0.7041044235229492,
            0.7100964188575745
        ],
        "counter": [
            8.83813762664795,
            8.589038848876953,
            0,
            -1.5643683015653664e-09,
            2.2533095389576374e-09,
            -0.007018253207206726,
            0.9999753832817078
        ],
        "pre_counter": [
            6.5756516456604,
            8.423124313354492,
            0,
            -1.5643683015653664e-09,
            2.2533095389576374e-09,
            -0.007018253207206726,
            0.9999753832817078
        ],
        "pre_dishwasher": [
            6.598299503326416,
            7.168116092681885,
            0,
            -1.5643683015653664e-09,
            2.2533095389576374e-09,
            -0.007018253207206726,
            0.9999753832817078
        ],
        "dishwasher": [
            8.699894905090332,
            7.152585506439209,
            0,
            -1.5643683015653664e-09,
            2.2533095389576374e-09,
            -0.007018253207206726,
            0.9999753832817078
        ]
    },
    "office": {
        "safe_place": [],
        "bed": []
    }
}