{
    "home": {
        "safe_place": [
            -0.3609571158885956,
            -0.010270562022924423,
            0,
            0.0,
            0.0,
            0.0,
            1.0
        ],
        "table": [
            0.006838692352175713,
            -0.061247069388628006,
            0,
            0.0,
            0.0,
            0.0,
            1.0
        ]
    },
    "printers": {
        "safe_place": [
            1.536517858505249,
            -2.580153465270996,
            0,
            -8.43915799464412e-08,
            -2.4905680295894683e-10,
            -0.7117616534233093,
            0.7024211287498474
        ],
        "printer_one": [
            0.5349894165992737,
            -2.677901029586792,
            0,
            -8.43915799464412e-08,
            -2.4905680295894683e-10,
            -0.7117616534233093,
            0.7024211287498474
        ],
        "printer_two": [
            1.1349914073944092,
            -2.6311466693878174,
            0,
            -8.43915799464412e-08,
            -2.4905680295894683e-10,
            -0.7117616534233093,
            0.7024211287498474
        ],
        "printer_three": [
            1.5780333280563354,
            -2.707183599472046,
            0,
            -8.43915799464412e-08,
            -2.4905680295894683e-10,
            -0.7117616534233093,
            0.7024211287498474
        ],
        "printer_four": [
            2.299910306930542,
            -2.7046923637390137,
            0,
            -8.43915799464412e-08,
            -2.4905680295894683e-10,
            -0.7117616534233093,
            0.7024211287498474
        ]
    },
    "maze": {
        "safe_place": [
            -1.425820231437683,
            -1.9145870208740234,
            0,
            -1.1852084469410329e-07,
            -7.384564071344357e-10,
            -0.9909884929656982,
            0.1339477002620697
        ]
    },
    "soccer": {
        "safe_place": [
            -1.1298716068267822,
            0.31431812047958374,
            0,
            -1.1938699628899485e-07,
            -3.709388352035603e-10,
            -0.9985001683235168,
            -0.054750844836235046
        ],
        "table": [
            -0.5933009386062622,
            1.3927714824676514,
            0.0,
            0.0,
            0.0,
            0.704582943848278,
            0.7096216423123624
        ]
    },
    "developer": {
        "safe_place": [
            0.9945014715194702,
            2.8013532161712646,
            0,
            -9.989537375076907e-08,
            -1.978719410544727e-10,
            -0.8374337553977966,
            -0.5465390086174011
        ],
        "corner": [
            0.5328992605209351,
            7.05734920501709,
            0,
            -8.621158542609919e-08,
            -4.807105824511382e-10,
            -0.7242134809494019,
            0.6895761489868164
        ]
    },
    "showcase": {
        "safe_place": [
            -0.47768348455429077,
            -2.4173672199249268,
            0,
            -8.43915799464412e-08,
            -2.4905680295894683e-10,
            -0.7117616534233093,
            0.7024211287498474
        ]
    },
    "living_room": {
        "safe_place": [
            0.6400418281555176,
            3.516873836517334,
            0.0,
            0.0,
            0.0,
            -0.6702826345570327,
            0.7421059154940643
        ]
    },
    "entrance": {
        "safe_place": [
            0.6488616466522217,
            5.224085807800293,
            0.0,
            0.0,
            0.0,
            0.7881032471272484,
            0.6155430706843245
        ]
    }
}               