{
    "entrance": {
        "safe_place": [
            0.04329872131347656,
            -0.3645627498626709,
            0,
            1.7506636140751652e-06,
            -1.7225586361746537e-06,
            0.7268776297569275,
            -0.6867669820785522
        ]
    },
    "living_room": {
        "safe_place": [
            -1.5859742164611816,
            0.7089650630950928,
            0,
            2.3766488084220327e-06,
            -8.072922810242744e-07,
            0.9564002156257629,
            -0.29205939173698425
        ],
        "couches": [
            -2.6876535415649414,
            0.29338908195495605,
            0,
            2.518907876947196e-06,
            -9.202676665154286e-08,
            0.9999748468399048,
            0.007091522216796875
        ],
        "desk": []
    },
    "breakfast": {
        "safe_place": [],
        "pre_table": [
            1.2937290668487549,
            3.036792039871216,
            0,
            2.507346607671934e-06,
            -1.0940058103869887e-07,
            0.9999994039535522,
            0.0010694409720599651
        ],
        "table": [
            0.4619031548500061,
            1.4448573589324951,
            0,
            -1.934518252255657e-07,
            1.4532784575749247e-07,
            -0.7121413350105286,
            -0.7020364999771118
        ]
    },
    "kitchen": {
        "safe_place": [],
        "pre_table": [
            -0.5533382892608643,
            0.7791690826416016,
            0,
            0.0,
            0.0,
            0.0,
            1.0
        ],
        "table": [
            -0.8997926712036133,
            3.075230360031128,
            0,
            2.507346607671934e-06,
            -1.0940058103869887e-07,
            0.9999994039535522,
            0.0010694409720599651
        ],
        "shelve": [],
        "sink": []
    },
    "beadroom": {
        "safe_place": [],
        "bed": []
    }
}