{
    "living_room": {
        "safe_place": [
            6.349184513092041,
            5.866135597229004,
            0,
            4.714607371170132e-08,
            -5.0748028002089995e-09,
            0.36058899760246277,
            0.9327249526977539
        ],
        "couches": [
            8.36947250366211,
            6.301617622375488,
            0,
            8.085005021030156e-08,
            -7.611527408357688e-09,
            0.6946765780448914,
            0.7193225026130676
        ]
    },
    "dinning_room": {
        "safe_place": [
            6.1450910568237305,
            4.028449058532715,
            0,
            -4.530986430495432e-08,
            2.583142810763661e-09,
            -0.38853970170021057,
            0.9214320778846741
        ],
        "entrance": [
            7.98212194442749,
            3.9976165294647217,
            0,
            0.0,
            0.0,
            0.0,
            1.0
        ]
    }
}