{
    "living_room": {
        "safe_place": [],
        "couches": [],
        "desk": []
    },
    "dinning_room": {
        "safe_place": [],
        "entrance": [],
        "table": []
    },
    "kitchen": {
        "safe_place": [],
        "pre_small_table": [
            -2.4626169204711914,
            1.4784657955169678,
            0,
            -8.423870667684241e-08,
            -6.707730898503073e-11,
            -0.7070850133895874,
            0.707128643989563
        ],
        "small_table": [
            -2.536224365234375,
            -0.18349432945251465,
            0,
            -8.423870667684241e-08,
            -6.707730898503073e-11,
            -0.7070850133895874,
            0.707128643989563
        ],
        "shelve": [],
        "sink": []
    },
    "beadroom": {
        "safe_place": [],
        "bed": []
    }
}