{
    "living_room": {
        "safe_place": [],
        "couches": [],
        "desk": []
    },
    "breakfast": {
        "safe_place": [],
        "pre_table": [],
        "table": [
            0.5667181015014648,
            0.4491410255432129,
            0,
            -1.969457485984094e-07,
            -2.7635294941319444e-07,
            -0.6961846947669983,
            -0.7178626656532288
        ]
    },
    "kitchen": {
        "safe_place": [],
        "pre_table": [
            0.5534167289733887,
            -0.30640268325805664,
            0,
            -1.969457485984094e-07,
            -2.7635294941319444e-07,
            -0.6961846947669983,
            -0.7178626656532288
        ],
        "table": [
            -2.536224365234375,
            -0.18349432945251465,
            0,
            -8.423870667684241e-08,
            -6.707730898503073e-11,
            -0.7070850133895874,
            0.707128643989563
        ],
        "shelve": [],
        "sink": []
    },
    "beadroom": {
        "safe_place": [],
        "bed": []
    }
}