{
    "living_room": {
        "safe_place": [
            1.013952374458313,
            0.6754908561706543,
            0,
            3.724677455352321e-08,
            1.6354917420358106e-09,
            0.4872998595237732,
            0.8732348084449768
        ],
        "couches": [
            1.8573724031448364,
            0.628394365310669,
            0,
            4.994773306066236e-08,
            6.244449402004193e-09,
            0.5875569581985474,
            0.8091829419136047
        ]
    },
    "dinning_room": {
        "safe_place": [
            0.7721282243728638,
            -0.7126757502555847,
            0,
            -4.9805752411202775e-08,
            -1.4923042801484598e-09,
            -0.43537425994873047,
            0.9002495408058167
        ],
        "entrance": [
            1.4325904846191406,
            -0.6176465749740601,
            0,
            7.49393436194623e-09,
            -4.819773469222355e-09,
            -0.010849915444850922,
            0.9999412298202515
        ],
        "table": [
            1.2841746807098389,
            -1.0858761072158813,
            0,
            -7.4332000110644e-08,
            1.2909047164555432e-09,
            -0.7001601457595825,
            0.7139858603477478
        ]
    },
    "kitchen": {
        "safe_place": [
            -0.6971116065979004,
            -0.5181515216827393,
            0,
            1.2543401339826232e-07,
            1.6579910777636542e-08,
            0.9501491785049438,
            -0.3117963373661041
        ],
        "small_table": [
            -1.6814079284667969,
            -2.7325024604797363,
            0,
            1.0269341998991877e-07,
            6.339499147856031e-09,
            0.7104995846748352,
            -0.7036980986595154
        ],
        "big_table": [
            -2.0277905464172363,
            -0.7338851094245911,
            0,
            1.1538269006905466e-07,
            -1.3040297730526618e-08,
            0.999810516834259,
            -0.01947239600121975
        ],
        "shelve": [
            -1.4611257314682007,
            -2.0634820461273193,
            0,
            1.0309867803925954e-07,
            2.1327027255324538e-08,
            0.0032534971833229065,
            -0.9999951124191284
        ]
    },
    "beadroom": {
        "safe_place": [
            -0.369256854057312,
            0.44097161293029785,
            0,
            9.143162316149755e-08,
            1.109928504661184e-08,
            0.8972539305686951,
            0.4415152072906494
        ],
        "bed": [
            -0.6645171046257019,
            0.5495582818984985,
            0,
            1.1008472711182549e-07,
            -1.048171327511227e-08,
            0.9049637317657471,
            0.4254889488220215
        ]
    }
}