{
    "living_room": {
        "safe_place": [
            2.50154495239257,
            0.9354143142700195,
            0,
            0,
            0,
            -0.8787641503661403,
            0.47725629176709183
        ],
        "couches": [
            2.50154495239257,
            0.9354143142700195,
            0,
            0,
            0,
            -0.8787641503661403,
            0.47725629176709183
        ],
        "desk": []
    },
    "entrance": {
        "safe_place": [
            -0.32568931579589844,
            2.5051634311676025,
            0,
            1.1229642495891312e-06,
            -4.1578879006465286e-08,
            0.9999975562095642,
            0.0022127986885607243
        ],
        "pre_table": [],
        "table": [
            0.5667181015014648,
            0.4491410255432129,
            0,
            -1.969457485984094e-07,
            -2.7635294941319444e-07,
            -0.6961846947669983,
            -0.7178626656532288
        ]
    },
    "kitchen": {
        "safe_place": [],
        "pre_table": [
            -5.450034427642822,
            0.2630042552947998,
            0,
            0.0,
            0.0,
            0.8176988295128952,
            0.5756462665676219
        ],
        "table": [
            -0.48806142807006836,
            6.8886823654174805,
            0,
            0.0,
            0.0,
            0.9791798958102228,
            0.20299441283217923
        ],
        "pre_shelve": [
            3.400509834289551,
            7.773647308349609,
            0,
            -1.0928303595392208e-07,
            1.2204451893538248e-09,
            -0.9976540803909302,
            0.06845700740814209
        ],
        "shelve": [
            1.3337976932525635,
            7.7954182624816895,
            0,
            -1.1552853607099678e-07,
            6.256675177951365e-10,
            -1.0000001192092896,
            -7.10710883140564e-05
        ],
        "dinner_table": [
            4.250577926635742,
            6.928894996643066,
            0,
            -2.8725725087497267e-07,
            1.587340392461556e-07,
            -0.999854326248169,
            0.017070021480321884
        ],
        "pre_dinner_table": [
            6.499334335327148,
            6.960508823394775,
            0,
            -2.8725725087497267e-07,
            1.587340392461556e-07,
            -0.999854326248169,
            0.017070021480321884
        ],
        "counter": [
            8.83813762664795,
            8.589038848876953,
            0,
            -1.5643683015653664e-09,
            2.2533095389576374e-09,
            -0.007018253207206726,
            0.9999753832817078
        ],
        "pre_counter": [
            6.5756516456604,
            8.423124313354492,
            0,
            -1.5643683015653664e-09,
            2.2533095389576374e-09,
            -0.007018253207206726,
            0.9999753832817078
        ],
        "pre_dishwasher": [
            6.598299503326416,
            7.168116092681885,
            0,
            -1.5643683015653664e-09,
            2.2533095389576374e-09,
            -0.007018253207206726,
            0.9999753832817078
        ],
        "dishwasher": [
            8.699894905090332,
            7.152585506439209,
            0,
            -1.5643683015653664e-09,
            2.2533095389576374e-09,
            -0.007018253207206726,
            0.9999753832817078
        ]
    },
    "office": {
        "safe_place": [],
        "bed": []
    }
}