{
    "name": "lab240924_map",
    "rooms": {
        "entrance": {
            "area": [
                [
                    13.060615539550781,
                    10.304092407226562,
                    0.0
                ],
                [
                    11.739477157592773,
                    9.746707916259766,
                    0.0
                ],
                [
                    11.322664260864258,
                    10.681448936462402,
                    0.0
                ],
                [
                    12.860769271850586,
                    10.969761848449707,
                    0.0
                ]
            ],
            "entrance": [
                [
                    11.612754821777344,
                    10.28143310546875,
                    0.0
                ]
            ],
            "name": "entrance",
            "obj_int": {},
            "path": [
                [
                    12.055319786071777,
                    10.435995101928711,
                    0.0
                ]
            ]
        },
        "kitchen": {
            "area": [
                [
                    5.109073638916016,
                    10.299095153808594,
                    0.0
                ],
                [
                    4.087817192077637,
                    10.036102294921875,
                    0.0
                ],
                [
                    4.16844367980957,
                    12.863753318786621,
                    0.0
                ],
                [
                    3.2374110221862793,
                    12.523014068603516,
                    0.0
                ]
            ],
            "entrance": [
                [
                    4.457350730895996,
                    10.512176513671875,
                    0.0
                ]
            ],
            "name": "kitchen",
            "obj_int": {},
            "path": [
                [
                    4.358489036560059,
                    10.820281028747559,
                    0.0
                ]
            ]
        },
        "living_room": {
            "area": [
                [
                    9.477691650390625,
                    8.281730651855469,
                    0.0
                ],
                [
                    7.402195930480957,
                    7.541616439819336,
                    0.0
                ],
                [
                    10.248798370361328,
                    5.928236961364746,
                    0.0
                ],
                [
                    8.22988224029541,
                    5.209305763244629,
                    0.0
                ]
            ],
            "entrance": [
                [
                    8.533304214477539,
                    7.965061187744141,
                    0.0
                ]
            ],
            "name": "living_room",
            "obj_int": {},
            "path": [
                [
                    8.559922218322754,
                    7.484922409057617,
                    0.0
                ]
            ]
        },
        "printers": {
            "area": [
                [
                    4.543237209320068,
                    7.11147928237915,
                    0.0
                ],
                [
                    5.728849411010742,
                    4.192087173461914,
                    0.0
                ],
                [
                    4.7505998611450195,
                    3.7812018394470215,
                    0.0
                ],
                [
                    3.6062674522399902,
                    6.956916332244873,
                    0.0
                ]
            ],
            "entrance": [
                [
                    4.152513027191162,
                    7.084598541259766,
                    0.0
                ]
            ],
            "name": "printers",
            "obj_int": {},
            "path": [
                [
                    4.229314804077148,
                    6.642033576965332,
                    0.0
                ]
            ]
        }
    }
}