{
    "map": [
        [
            -8.731226921081543,
            6.845418930053711
        ],
        [
            -8.176130294799805,
            -4.191211700439453
        ],
        [
            3.9923343658447266,
            -4.228270053863525
        ],
        [
            4.499553680419922,
            6.8941969871521
        ]
    ],
    "living_room": [
        [
            -8.608172416687012,
            6.79185152053833
        ],
        [
            -8.15231990814209,
            1.608727216720581
        ],
        [
            -7.344244003295898,
            1.6612625122070312
        ],
        [
            -7.3106465339660645,
            2.074439287185669
        ],
        [
            -6.6566972732543945,
            2.0578157901763916
        ],
        [
            -6.639031887054443,
            1.7310048341751099
        ],
        [
            -3.926865339279175,
            4.093962669372559
        ],
        [
            -4.908125877380371,
            4.162546157836914
        ],
        [
            -4.943789005279541,
            5.212764263153076
        ],
        [
            -4.065878391265869,
            5.212791919708252
        ],
        [
            -4.031966209411621,
            5.627742290496826
        ],
        [
            -4.221068859100342,
            5.627523899078369
        ],
        [
            -4.221869945526123,
            6.195125102996826
        ]
    ],
    "dinning_room": [
        [
            -3.9399168491363525,
            1.6652414798736572
        ],
        [
            -3.944693088531494,
            4.043120384216309
        ],
        [
            -4.890056133270264,
            4.144959449768066
        ],
        [
            -4.925354957580566,
            5.177613735198975
        ],
        [
            -4.0482563972473145,
            5.195448398590088
        ],
        [
            -4.066202640533447,
            5.609119892120361
        ],
        [
            -2.9651434421539307,
            5.575944900512695
        ],
        [
            -0.47106656432151794,
            5.716979503631592
        ],
        [
            -0.4661963880062103,
            1.6521297693252563
        ]
    ],
    "kitchen": [
        [
            1.4783962965011597,
            0.6216384768486023
        ],
        [
            3.284499406814575,
            0.7098348140716553
        ],
        [
            3.312591552734375,
            6.271915912628174
        ],
        [
            1.472190499305725,
            6.236080646514893
        ]
    ],
    "beadroom": [
        [
            -1.9932293891906738,
            -0.9663365483283997
        ],
        [
            0.7749870419502258,
            -0.9460488557815552
        ],
        [
            0.7609889507293701,
            -4.128305435180664
        ],
        [
            -2.0066640377044678,
            -4.098855495452881
        ]
    ]
}